<?xml version="1.0" encoding="UTF-8"?>
<project-private xmlns="http://www.netbeans.org/ns/project-private/1">
    <editor-bookmarks xmlns="http://www.netbeans.org/ns/editor-bookmarks/2" lastBookmarkId="0"/>
    <open-files xmlns="http://www.netbeans.org/ns/projectui-open-files/2">
        <group>
            <file>file:/C:/Egyetem/Programok/Programozas-Technologia/I.Beadando/Capitaly/src/capitaly/Player.java</file>
            <file>file:/C:/Egyetem/Programok/Programozas-Technologia/I.Beadando/Capitaly/src/capitaly/InvalidInputException.java</file>
            <file>file:/C:/Egyetem/Programok/Programozas-Technologia/I.Beadando/Capitaly/src/capitaly/Capitaly.java</file>
            <file>file:/C:/Egyetem/Programok/Programozas-Technologia/I.Beadando/Capitaly/src/capitaly/Greedy.java</file>
            <file>file:/C:/Egyetem/Programok/Programozas-Technologia/I.Beadando/Capitaly/src/capitaly/BoardPieces.java</file>
            <file>file:/C:/Egyetem/Programok/Programozas-Technologia/I.Beadando/Capitaly/src/capitaly/Main.java</file>
            <file>file:/C:/Egyetem/Programok/Programozas-Technologia/I.Beadando/Capitaly/src/capitaly/Carefull.java</file>
            <file>file:/C:/Egyetem/Programok/Programozas-Technologia/I.Beadando/Capitaly/src/capitaly/Service.java</file>
            <file>file:/C:/Egyetem/Programok/Programozas-Technologia/I.Beadando/Capitaly/src/capitaly/Property.java</file>
            <file>file:/C:/Egyetem/Programok/Programozas-Technologia/I.Beadando/Capitaly/test/capitaly/CapitalyTest.java</file>
            <file>file:/C:/Egyetem/Programok/Programozas-Technologia/I.Beadando/Capitaly/src/capitaly/Luck.java</file>
            <file>file:/C:/Egyetem/Programok/Programozas-Technologia/I.Beadando/Capitaly/src/capitaly/Tactical.java</file>
        </group>
    </open-files>
</project-private>
